1,1,2024-06-28 23:40:01
2,2,2024-07-07 14:08:42
3,3,2024-02-06 20:32:54
4,4,2024-07-17 13:15:38
5,5,2024-06-15 09:29:47
6,6,2024-05-17 19:50:11
7,7,2024-07-13 13:09:47
8,8,2024-02-18 07:12:14
9,9,2024-06-30 20:02:44
10,10,2024-07-08 01:40:09
11,11,2024-02-04 12:48:28
12,12,2024-02-08 12:04:23
13,13,2024-06-30 04:49:38
14,14,2024-02-09 18:15:57
15,15,2024-10-20 07:31:24
16,16,2024-07-25 19:28:51
17,17,2024-05-05 08:32:02
18,18,2024-05-08 03:46:43
19,19,2024-04-25 05:31:58
20,20,2024-01-18 01:34:46
21,21,2024-03-02 01:46:35
22,22,2024-10-22 06:32:43
23,23,2024-03-23 22:27:26
24,24,2024-08-23 18:37:40
25,25,2024-09-24 19:19:01
26,26,2024-08-15 17:31:21
27,27,2024-09-29 07:07:00
28,28,2024-05-25 08:03:47
29,29,2024-05-28 09:17:59
30,30,2024-07-30 13:12:20
31,31,2024-05-14 06:52:47
32,32,2024-11-07 08:36:32
33,33,2023-12-30 11:15:25
34,34,2024-06-22 20:44:09
35,35,2024-08-15 07:32:18
36,36,2024-06-24 00:29:53
37,37,2024-07-10 06:00:06
38,38,2024-08-22 10:16:04
39,39,2024-07-26 02:47:19
40,40,2023-12-22 15:24:06
41,41,2024-01-08 06:22:35
42,42,2024-03-07 18:31:36
43,43,2024-09-22 16:50:56
44,44,2024-04-25 08:18:11
45,45,2023-12-30 13:47:41
46,46,2024-09-13 04:29:36
47,47,2024-02-21 18:14:50
48,48,2024-04-30 06:18:40
49,49,2024-08-29 15:55:09
50,50,2024-07-07 12:12:25
51,51,2024-05-29 05:30:30
52,52,2024-03-02 12:39:19
53,53,2024-03-20 17:28:32
54,54,2023-12-22 19:02:23
55,55,2024-08-12 19:23:32
56,56,2024-03-21 21:49:33
57,57,2023-12-13 04:30:50
58,58,2024-06-18 01:51:01
59,59,2024-06-06 04:28:43
60,60,2024-04-05 09:33:03
61,61,2024-01-02 06:53:44
62,62,2024-03-30 22:39:34
63,63,2024-10-08 01:30:34
64,64,2024-03-23 03:26:07
65,65,2024-08-02 16:02:12
66,66,2024-04-11 14:42:18
67,67,2024-08-27 19:09:37
68,68,2024-04-10 04:31:55
69,69,2024-05-17 14:34:42
70,70,2023-11-28 23:36:18
71,71,2023-12-18 15:44:48
72,72,2024-02-14 11:40:01
73,73,2024-06-07 05:31:53
74,74,2024-10-05 06:41:13
75,75,2024-05-21 01:43:43
76,76,2023-12-21 19:03:42
77,77,2024-05-29 06:30:49
78,78,2024-06-14 10:19:04
79,79,2024-01-06 11:36:13
80,80,2024-05-15 00:51:19
81,81,2023-11-16 02:16:09
82,82,2023-11-26 04:23:07
83,83,2024-10-26 22:05:47
84,84,2024-09-24 03:15:03
85,85,2024-05-15 19:55:18
86,86,2023-12-18 08:52:12
87,87,2024-03-02 04:11:41
88,88,2024-02-08 17:30:49
89,89,2024-11-11 01:05:24
90,90,2024-04-12 02:50:22
91,91,2024-05-08 09:35:20
92,92,2024-11-11 01:27:04
93,93,2024-04-03 15:55:39
94,94,2023-12-10 07:30:08
95,95,2024-05-27 02:02:51
96,96,2024-02-04 00:31:16
97,97,2023-12-27 05:49:16
98,98,2024-08-28 12:33:54
99,99,2024-05-30 07:07:35
100,100,2023-11-23 00:17:08
